starting_rating,n_outstanding,Aaa,Aa1,Aa2,Aa3,A1,A2,A3,Baa1,Baa2,Baa3,Ba1,Ba2,Ba3,B1,B2,B3,Caa1,Caa2,Caa3,Ca,C,Default,Paid Off,Withdrawn (other)
Aaa,13,92.0,8.0,0.0,0.0,0.0,0.0,0.0,0.0,0.0,0.0,0.0,0.0,0.0,0.0,0.0,0.0,0.0,0.0,0.0,0.0,0.0,0.0,0.0,0.0
Aa1,9,0.0,100.0,0.0,0.0,0.0,0.0,0.0,0.0,0.0,0.0,0.0,0.0,0.0,0.0,0.0,0.0,0.0,0.0,0.0,0.0,0.0,0.0,0.0,0.0
Aa2,52,0.0,0.0,100.0,0.0,0.0,0.0,0.0,0.0,0.0,0.0,0.0,0.0,0.0,0.0,0.0,0.0,0.0,0.0,0.0,0.0,0.0,0.0,0.0,0.0
Aa3,81,0.0,0.0,1.0,95.0,4.0,0.0,0.0,0.0,0.0,0.0,0.0,0.0,0.0,0.0,0.0,0.0,0.0,0.0,0.0,0.0,0.0,0.0,0.0,0.0
A1,168,0.0,0.0,0.0,4.0,88.0,5.0,1.0,0.0,0.0,0.0,0.0,0.0,0.0,0.0,0.0,0.0,0.0,0.0,0.0,0.0,0.0,0.0,2.0,1.0
A2,238,0.0,0.0,0.0,0.0,4.0,92.0,2.0,0.0,0.0,0.0,0.0,0.0,0.0,0.0,0.0,0.0,0.0,0.0,0.0,0.0,0.0,0.0,1.0,1.0
A3,372,0.0,0.0,0.0,0.0,0.0,5.0,86.0,5.0,1.0,1.0,0.0,0.0,0.0,0.0,0.0,0.0,0.0,0.0,0.0,0.0,0.0,0.0,2.0,1.0
Baa1,505,0.0,0.0,0.0,0.0,0.0,0.0,7.0,88.0,5.0,0.0,0.0,0.0,0.0,0.0,0.0,0.0,0.0,0.0,0.0,0.0,0.0,0.0,1.0,0.0
Baa2,547,0.0,0.0,0.0,0.0,0.0,0.0,0.0,6.0,86.0,3.0,0.0,0.0,0.0,0.0,0.0,0.0,0.0,0.0,0.0,0.0,0.0,0.0,2.0,2.0
Baa3,385,0.0,0.0,0.0,0.0,0.0,0.0,0.0,1.0,11.0,75.0,3.0,1.0,1.0,0.0,0.0,0.0,0.0,0.0,0.0,0.0,0.0,0.0,4.0,4.0
Ba1,99,0.0,0.0,0.0,0.0,0.0,0.0,0.0,0.0,2.0,10.0,71.0,5.0,2.0,0.0,0.0,0.0,0.0,0.0,0.0,0.0,0.0,0.0,8.0,2.0
Ba2,116,0.0,0.0,0.0,0.0,0.0,0.0,0.0,0.0,0.0,1.0,9.0,78.0,5.0,1.0,2.0,0.0,0.0,0.0,1.0,0.0,0.0,0.0,3.0,2.0
Ba3,131,0.0,0.0,0.0,0.0,0.0,0.0,0.0,0.0,0.0,0.0,0.0,16.0,69.0,7.0,2.0,1.0,0.0,0.0,0.0,0.0,0.0,0.0,3.0,2.0
B1,112,0.0,0.0,0.0,0.0,0.0,0.0,0.0,0.0,0.0,0.0,0.0,2.0,14.0,64.0,4.0,3.0,2.0,0.0,0.0,0.0,0.0,0.0,9.0,2.0
B2,79,0.0,0.0,0.0,0.0,0.0,0.0,0.0,0.0,0.0,0.0,0.0,0.0,3.0,11.0,63.0,14.0,0.0,0.0,0.0,0.0,1.0,1.0,5.0,1.0
B3,93,0.0,0.0,0.0,0.0,0.0,0.0,0.0,0.0,0.0,0.0,0.0,1.0,5.0,1.0,6.0,45.0,13.0,3.0,1.0,0.0,0.0,0.0,20.0,3.0
Caa1,67,0.0,0.0,0.0,0.0,0.0,0.0,0.0,0.0,0.0,0.0,0.0,0.0,0.0,1.0,0.0,9.0,57.0,6.0,3.0,0.0,0.0,4.0,18.0,1.0
Caa2,54,0.0,0.0,0.0,0.0,0.0,0.0,0.0,0.0,0.0,0.0,0.0,0.0,0.0,0.0,4.0,6.0,4.0,44.0,13.0,2.0,2.0,7.0,15.0,4.0
Caa3,28,0.0,0.0,0.0,0.0,0.0,0.0,0.0,0.0,0.0,0.0,0.0,0.0,0.0,0.0,7.0,0.0,4.0,11.0,32.0,11.0,0.0,14.0,18.0,4.0
Ca,19,0.0,0.0,0.0,0.0,0.0,0.0,0.0,0.0,0.0,0.0,0.0,0.0,0.0,0.0,0.0,0.0,0.0,5.0,11.0,26.0,5.0,42.0,11.0,0.0
C,2,0.0,0.0,0.0,0.0,0.0,0.0,0.0,0.0,0.0,0.0,0.0,0.0,0.0,0.0,0.0,0.0,0.0,0.0,0.0,0.0,50.0,50.0,0.0,0.0
